–Ë«Û±‡∫≈,–Ú∫≈
DS-20141216-008,1493
DS-20141216-008,1066
DS-20180116-004,1067
DS-20180116-004,1341
JF-20150930-001,1342
JF-20150930-001,1343
JF-20151014-001,1344
JF-20151014-001,1288
JF-20151207-002,1517
JF-20151207-002,1567
JF-20151207-003,1568
JF-20151207-003,1569
JF-20160811-001,1572
JF-20160811-001,1580
JF-20171102-003,1581
JF-20171102-003,1582
JF-20180309-001,1583
JF-20180309-001,1584
TC-20141217-006,1585
TC-20141217-006,1586
YF-20130517-006,1601
YF-20130517-006,1602
YF-20140228-001,1604
YF-20140228-001,1605
YF-20140804-005,1606
YF-20140804-005,1607
YF-20140926-001,1608
YF-20140926-001,1609
YF-20150116-001,1610
YF-20150116-001,80
YF-20171204-001,112
YF-20171204-001,113
AH_20160829_001,114
CC-20150123-001,115
CC-20150123-002,116
CC-20160113-001,119
CC-20160113-002,120
CC-20160113-003,121
CC-20160113-004,122
CS-20151030-002,123
CS-20161214-002,124
CS-20170622-001,125
CS-20170627-001,126
CS-20170630-001,127
CS-20170717-002,128
CS-20170829-001,129
CS-20170830-001,130
CS-20170830-002,131
CS-20170830-003,132
CS-20170901-001,133
CS-20170907-001,134
CS-20170907-002,135
CS-20170923-001,136
CS-20170923-002,137
CS-20170926-001,143
CS-20170926-002,144
CS-20170926-003,145
CS-20170926-004,146
CS-20170928-001,147
CS-20170929-001,148
CS-20170930-001,149
CY-20111130-001,150
CY-20120224-001,151
CY-20120224-002,152
CY-20120224-003,153
CY-20120224-004,154
CY-20120224-005,155
CY-20120224-008,156
CY-20120224-009,157
CY-20120224-010,158
CY-20120224-011,159
CY-20120224-012,160
CY-20120224-013,161
CY-20120224-014,162
CY-20120224-015,163
CY-20120224-016,164
CY-20120224-017,165
CY-20120224-018,166
CY-20120224-019,167
CY-20120224-020,168
CY-20120224-021,169
CY-20120224-022,170
CY-20120224-023,171
CY-20120224-024,172
CY-20120224-025,173
CY-20120224-026,174
CY-20120306-001,175
CY-20120306-002,176
CY-20120306-003,177
CY-20120306-004,178
CY-20120306-005,179
CY-20120306-006,180
CY-20120306-007,181
CY-20120306-008,182
CY-20120306-009,183
CY-20120306-010,184
CY-20120306-011,185
CY-20120306-012,186
CY-20120306-013,187
CY-20120306-014,188
CY-20120306-015,189
CY-20120306-016,190
CY-20120306-017,191
CY-20120306-018,192
CY-20120306-019,193
CY-20120306-020,194
CY-20120306-021,195
CY-20120306-022,196
CY-20120306-023,197
CY-20120306-024,198
CY-20120306-025,199
CY-20120306-026,200
CY-20120306-027,201
CY-20120306-028,202
CY-20120306-029,203
CY-20120306-030,204
CY-20120306-031,205
CY-20120306-032,206
CY-20120306-033,207
CY-20120306-034,208
CY-20120306-035,209
CY-20120306-036,210
CY-20120306-037,211
CY-20120306-038,212
CY-20120306-039,213
CY-20120306-040,214
CY-20120306-041,215
CY-20120306-042,216
CY-20120306-043,217
CY-20120306-044,218
CY-20120306-045,219
CY-20120306-046,220
CY-20120306-047,221
CY-20120306-048,222
CY-20120306-049,223
CY-20120306-050,224
CY-20120306-051,230
CY-20120306-052,233
CY-20120306-053,235
CY-20120306-054,236
CY-20120306-055,237
CY-20120306-056,238
CY-20120306-057,241
CY-20120306-058,264
CY-20120306-059,265
CY-20120306-060,267
CY-20120306-061,268
CY-20120306-062,269
CY-20120306-063,270
CY-20120306-064,271
CY-20120306-065,272
CY-20120306-066,273
CY-20120306-067,274
CY-20120306-068,275
CY-20120306-069,276
CY-20120306-070,277
CY-20120306-071,281
CY-20120306-072,282
CY-20120306-073,283
CY-20120309-001,284
CY-20120309-002,285
CY-20120309-003,290
CY-20120309-004,291
CY-20120320-001,305
CY-20120323-001,317
CY-20120323-002,319
CY-20120323-003,320
CY-20120326-001,334
CY-20120412-001,338
CY-20120413-003,339
CY-20120416-001,342
CY-20120416-002,344
CY-20120416-003,350
CY-20120416-004,352
CY-20120417-001,353
CY-20120424-001,354
CY-20120424-002,356
CY-20120428-001,361
CY-20120502-001,364
CY-20120502-002,365
CY-20120502-003,366
CY-20120502-004,367
CY-20120502-005,368
CY-20120502-006,369
CY-20120502-007,370
CY-20120502-008,376
CY-20120502-009,427
CY-20120502-010,430
CY-20120522-001,431
CY-20120522-002,434
CY-20120524-001,440
CY-20120525-001,444
CY-20120530-001,445
CY-20120531-001,447
CY-20120531-002,449
CY-20120605-001,450
CY-20120618-001,451
CY-20120618-002,453
CY-20120618-003,454
CY-20120627-001,467
CY-20120704-001,472
CY-20120704-002,477
CY-20120717-001,480
CY-20120718-001,481
CY-20120726-001,482
CY-20120731-001,483
CY-20120801-001,484
CY-20120801-002,485
CY-20120813-001,486
CY-20120820-001,739
CY-20120823-001,740
CY-20120823-002,487
CY-20120823-003,488
CY-20120823-004,500
CY-20120823-005,504
CY-20120823-006,508
CY-20120823-007,510
CY-20120906-001,517
CY-20121022-001,527
CY-20121024-001,531
CY-20121024-002,532
CY-20121031-001,538
CY-20121114-001,541
CY-20121120-001,542
CY-20121120-002,544
CY-20121126-001,545
CY-20121128-001,547
CY-20121128-002,548
CY-20121129-001,549
CY-20121204-001,566
CY-20121205-001,567
CY-20121212-001,568
CY-20121214-001,580
CY-20121220-001,588
CY-20130104-001,589
CY-20130104-002,596
CY-20130104-003,599
CY-20130104-004,601
CY-20130104-005,616
CY-20130104-006,630
CY-20130104-007,631
CY-20130110-002,634
CY-20130110-003,635
CY-20130111-001,636
CY-20130111-002,637
CY-20130130-001,638
CY-20130225-001,649
CY-20130301-001,650
CY-20130306-001,651
CY-20130311-001,652
CY-20130322-001,653
CY-20130326-001,654
CY-20130326-002,655
CY-20130408-001,656
CY-20130416-001,657
CY-20130416-002,658
CY-20130422-001,665
CY-20130423-001,667
CY-20130428-001,670
CY-20130428-002,681
CY-20130428-003,685
CY-20130506-001,690
CY-20130509-001,950
CY-20130509-002,951
CY-20130520-001,952
CY-20130528-001,954
CY-20130528-002,955
CY-20130617-001,956
CY-20130619-001,957
CY-20130624-001,958
CY-20130711-001,959
CY-20130731-001,960
CY-20130801-001,962
CY-20130802-001,963
CY-20130802-002,964
CY-20130805-001,965
CY-20130805-002,966
CY-20130805-003,967
CY-20130823-001,968
CY-20130829-001,969
CY-20130830-001,970
CY-20130830-002,971
CY-20130830-003,972
CY-20130830-004,728
CY-20130903-001,729
CY-20130905-001,735
CY-20130910-001,738
CY-20130912-001,741
CY-20130929-001,747
CY-20131009-001,749
CY-20131012-001,755
CY-20131024-001,757
CY-20131030-001,759
CY-20131108-001,783
CY-20131130-001,780
CY-20131130-002,811
CY-20131130-003,823
CY-20131130-005,836
CY-20131130-006,884
CY-20131130-007,922
CY-20131130-008,923
CY-20131130-009,924
CY-20131130-010,925
CY-20131130-011,926
CY-20131130-013,927
CY-20131130-014,678
CY-20131130-015,975
CY-20131130-016,953
CY-20131130-017,961
CY-20131130-018,410
CY-20131130-019,411
CY-20131130-020,412
CY-20131130-021,413
CY-20131130-022,414
CY-20131130-023,415
CY-20131218-001,416
CY-20131218-002,417
CY-20140103-001,418
CY-20140110-001,425
CY-20140114-001,452
CY-20140116-001,466
CY-20140117-001,512
CY-20140212-001,1001
CY-20140213-001,1002
CY-20140218-001,1003
CY-20140226-001,1004
CY-20140305-001,1009
CY-20140417-001,1020
CY-20140514-001,1021
CY-20140605-001,1022
CY-20140716-001,1023
CY-20140902-001,1024
CY-20140902-002,1026
CY-20140902-003,1
CY-20140902-004,1027
CY-20140902-005,1028
CY-20140902-006,1072
CY-20141023-001,1073
CY-20141031-001,1074
CY-21031130-004,1075
CY-21031130-012,1076
CZ-20120927-001,1077
CZ-20120927-002,1078
CZ-20120927-003,1079
CZ-20120927-004,1080
CZ-20120927-005,1081
CZ-20120927-006,1082
CZ-20120927-007,1083
CZ-20120927-008,1084
CZ-20120927-009,1085
CZ-20121019-001,1087
CZ-20121203-001,1088
CZ-20121212-001,1089
CZ-20130307-001,1090
DS-20141119-001,1091
DS-20141119-002,1092
DS-20141119-003,1093
DS-20141119-004,1094
DS-20141126-001,1095
DS-20141216-001,1096
DS-20141216-002,1097
DS-20141216-003,1098
DS-20141216-004,1099
DS-20141216-005,1100
DS-20141216-007,1103
DS-20141216-009,1106
DS-20150130-004,1107
DS-20150130-005,1109
DS-20150130-006,1110
DS-20150130-007,1111
DS-20150130-008,1113
DS-20150130-009,1114
DS-20150130-010,1116
DS-20150130-011,1117
DS-20150130-012,1119
DS-20150130-013,1120
DS-20150130-014,1121
DS-20150203-001,1123
DS-20150203-002,1124
DS-20150203-003,1125
DS-20150204-001,1126
DS-20150204-002,1127
DS-20150204-003,1128
DS-20150204-004,1129
DS-20150204-005,1130
DS-20150204-006,1131
DS-20150204-007,1135
DS-20150204-008,1136
DS-20150204-009,1137
DS-20150204-010,1138
DS-20150204-011,1139
DS-20150204-012,1166
DS-20150204-013,1168
DS-20150204-014,1171
DS-20150210-001,1172
DS-20150213-001,1173
DS-20150213-002,1174
DS-20150302-001,1179
DS-20150302-002,1186
DS-20150302-003,1191
DS-20150310-001,1195
DS-20150311-001,1196
DS-20150312-001,1198
DS-20150312-002,1199
DS-20150318-001,1200
DS-20150318-002,1201
DS-20150318-003,1202
DS-20150318-005,1203
DS-20150318-006,1204
DS-20150318-007,1205
DS-20150318-008,1206
DS-20150318-009,1208
DS-20150318-010,1209
DS-20150318-011,1210
DS-20150318-012,1213
DS-20150319-001,1214
DS-20150403-001,1219
DS-20150403-002,1220
DS-20150403-003,1221
DS-20150403-004,1227
DS-20150403-005,1228
DS-20150422-001,1232
DS-20150422-003,1233
DS-20150506-001,1236
DS-20150506-002,1238
DS-20150506-003,1239
DS-20150506-004,1240
DS-20150511-001,1241
DS-20150515-001,1244
DS-20150521-001,1245
DS-20150522-001,1246
DS-20150522-002,1247
DS-20150601-001,1248
DS-20150601-002,1253
DS-20150601-003,1254
DS-20150603-001,1255
DS-20150603-002,1256
ds-20150603-003,1257
DS-20150603-004,1258
DS-20150603-005,1259
DS-20150603-006,1263
DS-20150610-001,1273
DS-20150610-002,1283
DS-20150610-003,1287
DS-20150610-004,1289
DS-20150610-005,1292
DS-20150618-001,1293
DS-20150624-001,1294
DS-20150702-001,1295
DS-20150706-002,1296
DS-20150707-001,1304
DS-20150713-001,1305
DS-20150715-001,1306
DS-20150722-001,1315
DS-20150729-001,1328
DS-20150729-002,1330
DS-20150729-003,1331
DS-20150807-001,1338
DS-20150820-001,1339
DS-20150828-001,1355
DS-20150828-002,1364
DS-20150828-003,1365
DS-20150831-001,1384
DS-20150914-001,1389
DS-20150915-001,1390
DS-20150915-002,1391
DS-20150915-003,1392
DS-20150915-004,1393
DS-20150915-005,1394
DS-20150915-006,1395
DS-20150922-001,1396
DS-20151009-001,1397
DS-20151016-001,1399
DS-20151030-001,1400
DS-20151102-001,1401
DS-20151104-001,1403
DS-20151104-002,1402
DS-20151104-003,1404
DS-20151104-004,1405
DS-20151104-005,1406
DS-20151118-001,1420
DS-20151118-002,1421
DS-20151120-001,1423
DS-20151207-001,1424
DS-20151217-001,1425
DS-20151221-001,1426
DS-20151221-002,1427
DS-20160105-001,1428
DS-20160105-002,1429
DS-20160224-001,1430
DS-20160308-001,1458
DS-20160309-001,1460
DS-20160407-001,1461
DS-20160427-001,1462
DS-20160427-002,1463
DS-20160427-003,1464
DS-20160427-004,1465
DS-20160427-005,1466
DS-20160427-006,1467
DS-20160427-007,1468
DS-20160429-001,1469
DS-20160429-002,1470
DS-20160429-004,1471
DS-20160429-005,1486
DS-20160429-006,1487
DS-20160429-007,1488
DS-20160429-008,1489
DS-20160429-009,1490
DS-20160504-001,1491
DS-20160504-002,1495
DS-20160526-002,1496
DS-20160526-003,1497
DS-20160603-001,1498
DS-20160603-002,1500
DS-20160603-003,1508
DS-20160603-004,1510
DS-20160603-005,1511
DS-20160603-006,1512
DS-20160603-007,1513
DS-20160603-008,1514
DS-20160706-002,1515
DS-20160714-001,1559
DS-20160714-002,1561
DS-20160714-003,1560
DS-20160714-004,1563
DS-20160714-005,1564
DS-20160714-006,1575
DS-20160802-001,1592
DS-20160802-002,1593
DS-20160802-003,1594
DS-20160802-004,1595
DS-20160802-005,1596
DS-20160802-006,1597
DS-20160816-001,1598
DS-20160816-002,1599
DS-20160816-003,1600
DS-20160816-004,1644
DS-20160816-005,1645
DS-20160816-006,1646
DS-20160902-001,1647
DS-20160902-002,1648
DS-20160902-003,1649
DS-20160902-004,1650
DS-20160923-001,1651
DS-20161024-001,1025
DS-20161118-001,1122
DS-20161118-002,1398
DS-20161118-003,1262
DS-20161118-004,1310
DS-20161118-005,1418
DS-20161118-006,1039
DS-20170510-001,1046
DS-20170515-002,1047
DS-20170516-001,1054
DS-20170531-002,1055
DS-20170531-003,1056
DS-20170719-003,1062
DS-20170922-001,1063
DS-20170922-002,1069
DS-20170922-003,1070
DS-20170922-004,1071
DS-20170922-005,1104
DS-20170922-006,1105
DS-20170922-007,1118
DS-20170922-008,1132
DS-20170922-009,1134
DS-20180116-001,1177
DS-20180116-002,1178
DS-20180116-003,1187
DS-20180116-006,1188
DS-20180116-007,1189
DS-20180116-008,1190
DS-21041216-006,1192
DS-21050318-004,1193
DS-21060429-003,1194
JF_20150921_003,1197
JF_20151128_001,1217
JF_20160525_002,1222
JF-20141226-001,1223
JF-20150107-001,1224
JF-20150108-001,1225
JF-20150112-001,1229
JF-20150112-002,1235
JF-20150113-001,1237
JF-20150119-001,1243
JF-20150119-002,1250
JF-20150130-001,1251
JF-20150130-002,1260
JF-20150130-003,1261
JF-20150211-001,1267
JF-20150211-002,1269
JF-20150313-001,1268
JF-20150325-001,1272
JF-20150327-001,1274
JF-20150508-001,1275
JF-20150511-001,1278
JF-20150519-001,1279
JF-20150520-001,1280
JF-20150520-002,1281
JF-20150520-003,1284
JF-20150521-002,1285
JF-20150521-003,1286
JF-20150521-004,1290
JF-20150529-001,1297
JF-20150615-001,1298
JF-20150704-001,1301
JF-20150704-002,1303
JF-20150704-003,1312
JF-20150704-004,1313
JF-20150708-001,1322
JF-20150720-001,1316
JF-20150722-001,1323
JF-20150822-001,1317
JF-20150910-001,1324
JF-20150910-002,1319
JF-20150921-001,1320
JF-20150921-002,1321
JF-20150930-002,1326
JF-20151008-001,1327
JF-20151009-002,1329
JF-20151009-003,1333
JF-20151015-001,1334
JF-20151015-002,1335
JF-20151019-001,1336
JF-20151022-001,1337
JF-20151022-002,1347
JF-20151103-001,1350
JF-20151105-001,1352
JF-20151105-002,1356
JF-20151112-001,1357
JF-20151117-001,1358
JF-20151130-002,1359
JF-20151201-001,1360
JF-20151207-001,1361
JF-20151207-005,1362
JF-20151207-006,1363
JF-20151207-007,1373
JF-20151211-001,1374
JF-20151215-001,1375
JF-20151217-001,1376
JF-20160105-001,1381
JF-20160105-002,1382
JF-20160105-003,1385
JF-20160105-004,1386
JF-20160105-005,1387
JF-20160125-001,1416
JF-20160129-001,1417
JF-20160204-001,1422
JF-20160229-001,1452
JF-20160229-002,1453
JF-20160229-003,1454
JF-20160229-004,1455
JF-20160229-005,1456
JF-20160302-001,1459
JF-20160307-001,1472
JF-20160307-002,1473
JF-20160314-001,1474
JF-20160325-001,1475
JF-20160328-001,1476
JF-20160329-001,1477
JF-20160405-001,1478
JF-20160405-002,1479
JF-20160411-001,1480
JF-20160411-002,1481
JF-20160422-001,1482
JF-20160506-001,1483
JF-20160525_001,1484
JF-20160526-001,1485
JF-20160623-001,1492
JF-20160628-001,1494
JF-20160628-002,1507
JF-20160628-003,1509
JF-20160628-004,1518
JF-20160713-001,1520
JF-20160808-001,1521
JF-20160808-002,1555
JF-20160808-003,1556
JF-20160808-004,1690
JF-20160808-005,1558
JF-20160808-006,1565
JF-20160808-007,1566
JF-20160808-008,1570
JF-20160808-009,1571
JF-20160815-001,1573
JF-20160815-002,1574
JF-20160815-003,1577
JF-20160816-001,1578
JF-20160831-001,1588
JF-20160930-001,1589
JF-20161111-001,1590
JF-20161219-001,1591
JF-20170216-001,1603
JF-20170220-001,1611
JF-20170407-001,1612
JF-20170407-002,1613
JF-20170418-001,1614
JF-20170420-001,1615
JF-20170608-001,1616
JF-20170613-001,1617
JF-20170714-001,1618
JF-20170717-001,1619
JF-20170719-001,1620
JF-20170719-002,1621
JF-20170803-001,1622
JF-20170825-001,1623
JF-20170913-001,1624
JF-20170918-001,1625
JF-20170918-002,1631
JF-20170918-003,1635
JF-20170925-001,1637
JF-20170930-002,1638
JF-20171012-001,1639
JF-20171018-001,1640
JF-20171102-001,1641
JF-20171102-002,1642
JF-20171102-005,1652
JF-20171102-006,1653
JF-20171102-007,1654
JF-20171113-001,1655
JF-20171113-002,1662
JF-20171113-003,1656
JF-20171113-004,1657
JF-20171113-005,1658
JF-20171128-001,1659
JF-20171204-001,1660
JF-20171205-001,1661
JF-20171206-001,1663
JF-20171211-001,1664
JF-20171211-002,1665
JF-20180108-001,1667
JF-20180112-001,1668
JF-20180207-001,1669
JF-20180207-002,1670
JF-20180322-007,1671
JF-20180323-001,1673
JF-20180323-002,1674
JF-20180323-003,1675
JF-20180323-004,1676
JF-20180323-005,1677
JF-20180323-006,1678
JF-20180323-008,1679
JF-20180323-009,1680
JF-20180323-010,1681
JF-20180323-012,1682
JF-20180323-013,1683
JF-20180323-014,1687
JF-20180323-015,1688
JF-20180323-016,1689
JF-20180323-017,1691
JF-20180323-018,1692
JF-20180323-019,1693
JF-20180323-020,1694
JF-20180323-021,1311
JF-20180323-022,1318
JF-20180323-023,1170
JF-20180323-024,7
JF-20180323-025,30
JF-20180323-026,75
JF-20180323-027,341
JF-20180323-031,1524
JF-20180326-002,1030
JF-20180417-001,1032
JF-20180419-001,1034
JF-20180419-002,1035
JF-20180425-001,1036
JF-20180508-001,1037
JF-21051130-001,1044
JF-21051207-004,1064
JY-20150424-001,1065
SC-20110510-002,1102
SC-20110602-001,1112
SC-20111027-001,1115
SC-20120716-001,1141
TC-10170320-002,1142
TC-20141217-002,1143
TC-20141217-004,1144
TC-20141217-005,1146
TC-20141219-001,1147
TC-20150104-001,1148
TC-20150119-003,1149
TC-20150120-001,1150
TC-20150206-001,1151
TC-20150309-001,1152
TC-20150311-002,1153
TC-20150416-001,1154
TC-20150416-002,1155
TC-20150416-003,1156
TC-20150416-004,1157
TC-20150416-006,1158
TC-20150420-001,1160
TC-20150420-002,1161
TC-20150420-003,1162
TC-20150421-001,1164
TC-20150421-002,1165
TC-20150421-003,1167
TC-20150421-004,1169
TC-20150421-005,1180
TC-20150421-006,1181
TC-20150421-007,1182
TC-20150421-008,1183
TC-20150421-009,1184
TC-20150421-011,1185
TC-20150421-012,1207
TC-20150421-013,1366
TC-20150421-015,1367
TC-20150421-016,1368
TC-20150422-002,1369
TC-20150423-001,1370
TC-20150512-001,1371
TC-20150512-002,1372
TC-20150512-003,1419
TC-20150512-004,1431
TC-20150512-005,1432
TC-20150512-006,1433
TC-20150604-001,1434
TC-20160311-001,1435
TC-20160311-002,1436
TC-20160311-003,1437
TC-20160311-004,1438
TC-20160311-005,1439
TC-20160311-006,1440
TC-20160311-007,1441
TC-20160526-001,1442
TC-20160608-001,1444
TC-20160608-002,1445
TC-20160608-003,1446
TC-20160608-004,1447
TC-20160608-005,1448
TC-20160608-006,1449
TC-20160608-007,1450
TC-20160608-008,1451
TC-20160608-009,1457
TC-20160608-010,1502
TC-20160608-011,1503
TC-20160608-012,1504
TC-20160608-013,1505
TC-20160608-014,1506
TC-20160620-001,1516
TC-20160620-002,1519
TC-20160620-003,1522
TC-20160620-004,1523
TC-20160620-005,1525
TC-20160620-006,1526
TC-20160706-001,1527
TC-20160929-001,1528
TC-20160929-002,1529
TC-20160929-003,1530
TC-20160929-004,1531
TC-20160929-005,1532
TC-20161214-001,1533
TC-20161221-001,1534
TC-20170317-001,1535
TC-20170320-001,1536
TC-20170320-003,1537
TC-20170320-004,1538
TC-20170320-005,1539
TC-20170320-006,1540
TC-20170320-007,1541
TC-20170320-008,1542
TC-20170320-009,1543
TC-20170320-010,1544
TC-20170320-011,1545
TC-20170320-012,1547
TC-20170320-013,1548
TC-20170320-014,1549
TC-20170320-015,1550
TC-20170320-016,1552
TC-20170320-017,1553
TC-20170320-018,1554
TC-20170320-019,1562
TC-20170320-020,1587
TC-20170320-021,1626
TC-20170320-022,1643
TC-20170320-023,1666
TC-20170320-025,1684
TC-20170320-026,1685
TC-20170320-027,1686
TC-20170320-028,1031
TC-20170320-030,1145
TC-20170320-031,1159
TC-20170401-001,1163
TC-20170531-001,1351
TC-20170908-001,58
TC-20171116-001,59
TC-20180112-002,60
TC-20180323-011,61
TC-20180323-028,62
TC-20180323-029,63
TC-20180323-030,77
TC-21041217-003,78
TC-21050416-005,79
TC-21050421-010,83
TC-21050421-014,287
TY-20160201-001,288
YF_20110811_001,286
YF_20110811_002,289
YF_20110811_003,441
YF_20110819_001,442
YF_20110819_002,726
YF_20110930_001,796
YF_20111101_001,797
YF_20111109_001,799
YF_20111110_001,798
YF_20120118_001,800
YF_20120530_002,801
YF_20120530_003,802
YF_20120530-001,807
YF_20120531-001,808
YF_20121119_001,809
YF_20121119_002,810
YF_20131217_001,816
YF_20140317_001,827
YF_20140318_001,8
YF_20140318_002,9
YF_20140319_001,10
YF_20140320_001,11
YF_20140327_001,12
YF_20140328_001,13
YF_20140414_001,14
YF_20140414_002,15
YF_20140414_003,16
YF_20140414_004,17
YF_20140507_001,18
YF_20140521_002,19
YF-20110429-001,20
YF-20110429-002,21
YF-20110429-003,22
YF-20110429-004,23
YF-20110429-005,24
YF-20110429-006,2
YF-20110429-007,3
YF-20110429-008,25
YF-20110429-009,29
YF-20110429-010,26
YF-20110429-011,27
YF-20110429-012,4
YF-20110429-013,5
YF-20110429-014,6
YF-20110429-015,28
YF-20110429-016,32
YF-20110429-017,35
YF-20110504-001,33
YF-20110504-002,34
YF-20110505-001,36
YF-20110505-002,37
YF-20110505-003,38
YF-20110505-004,39
YF-20110506-001,40
YF-20110506-002,41
YF-20110507-001,42
YF-20110520-001,43
YF-20110629-001,44
YF-20110630-001,45
YF-20110701-001,46
YF-20110701-002,47
YF-20110707-001,48
YF-20110707-002,49
YF-20110713-001,50
YF-20110713-002,53
YF-20110713-003,52
YF-20110718-001,55
YF-20110718-002,56
YF-20110720-001,57
YF-20110726-001,64
YF-20110802-001,68
YF-20110802-002,69
YF-20110802-003,65
YF-20110802-004,66
YF-20110802-005,67
YF-20110802-006,70
YF-20110803-001,71
YF-20110803-002,72
YF-20110803-003,73
YF-20110804-001,76
YF-20110804-002,81
YF-20111009-001,82
YF-20111018-01,85
YF-20111018-02,86
YF-20111019-01,87
YF-20111019-02,88
YF-20111019-03,89
YF-20111021-01,90
YF-20111021-02,91
YF-20111024-01,92
YF-20111024-02,93
YF-20111028-001,94
YF-20111221-001,95
YF-20111221-002,96
YF-20120202-001,97
YF-20120208-001,98
YF-20120208-002,99
YF-20120208-003,100
YF-20120208-004,101
YF-20120208-005,102
YF-20120208-006,103
YF-20120208-007,104
YF-20120216-001,105
YF-20120216-002,106
YF-20120216-003,107
YF-20120216-004,108
YF-20120216-005,109
YF-20120216-006,110
YF-20120216-007,111
YF-20120216-008,138
YF-20120216-009,139
YF-20120216-010,140
YF-20120216-011,141
YF-20120217-001,142
YF-20120217-002,225
YF-20120217-003,226
YF-20120217-004,227
YF-20120217-005,228
YF-20120217-006,229
YF-20120217-007,231
YF-20120217-008,232
YF-20120305-001,234
YF-20120305-002,239
YF-20120305-003,240
YF-20120305-004,242
YF-20120305-005,255
YF-20120327-001,259
YF-20120327-002,260
YF-20120327-003,261
YF-20120329-001,262
YF-20120329-002,263
YF-20120413_001,266
YF-20120413-002,278
YF-20120416-001,279
YF-20120416-002,280
YF-20120416-003,292
YF-20120418-001,293
YF-20120418-002,294
YF-20120419-001,295
YF-20120419-002,296
YF-20120419-003,297
YF-20120419-004,298
YF-20120424-001,299
YF-20120426-001,300
YF-20120515-001,301
YF-20120516-001,302
YF-20120518-001,303
YF-20120604-001,304
YF-20120604-002,306
YF-20120605-001,307
YF-20120605-002,308
YF-20120605-003,309
YF-20120605-004,310
YF-20120605-005,311
YF-20120605-006,312
YF-20120605-007,313
YF-20120605-008,314
YF-20120605-009,315
YF-20120605-010,316
YF-20120605-011,318
YF-20120606-001,321
YF-20120606-002,322
YF-20120607-001,323
YF-20120607-002,324
YF-20120611-001,325
YF-20120611-002,326
YF-20120611-003,327
YF-20120611-004,328
YF-20120611-005,329
YF-20120612-001,330
YF-20120615-001,331
YF-20120618-001,332
YF-20120620-001,333
YF-20120620-002,335
YF-20120620-003,336
YF-20120620-004,337
YF-20120620-005,340
YF-20120620-006,343
YF-20120620-007,345
YF-20120620-008,346
YF-20120625-001,347
YF-20120625-002,348
YF-20120625-003,349
YF-20120625-004,351
YF-20120626-001,355
YF-20120628-001,357
YF-20120630-001,358
YF-20120703-001,359
YF-20120709-001,360
YF-20120717-001,362
YF-20120723-001,363
YF-20120723-002,371
YF-20120723-003,372
YF-20120724-001,373
YF-20120724-002,374
YF-20120727-001,375
YF-20120807-001,377
YF-20120814-001,378
YF-20120814-002,379
YF-20120814-003,380
YF-20120816-001,381
YF-20120821-001,382
YF-20120822-001,383
YF-20120827-001,384
YF-20120830-001,385
YF-20120830-002,386
YF-20120905-001,387
YF-20120905-002,388
YF-20120910-001,389
YF-20120917-001,390
YF-20120917-002,391
YF-20120917-003,392
YF-20120917-004,393
YF-20120917-005,394
YF-20120917-006,395
YF-20120917-007,396
YF-20120917-008,397
YF-20120917-009,398
YF-20120917-010,399
YF-20120917-011,400
YF-20120917-012,401
YF-20120917-013,402
YF-20120917-014,403
YF-20120917-015,404
YF-20120917-016,405
YF-20120917-017,406
YF-20120918-001,407
YF-20120918-002,408
YF-20120919-001,409
YF-20120919-002,419
YF-20120919-003,420
YF-20120919-004,421
YF-20120920-001,422
YF-20120924-001,423
YF-20120924-002,424
YF-20120924-003,426
YF-20120924-004,428
YF-20120924-005,429
YF-20120925-001,432
YF-20120926-001,433
YF-20120926-002,435
YF-20121010-001,436
YF-20121012-001,437
YF-20121015-001,438
YF-20121015-002,439
YF-20121015-003,448
YF-20121018-001,446
YF-20121022-001,455
YF-20121023-001,456
YF-20121024-001,457
YF-20121025-001,458
YF-20121026-001,459
YF-20121107-001,460
YF-20121108-001,461
YF-20121109-001,462
YF-20121111-001,463
YF-20121111-002,464
YF-20121124-001,465
YF-20121128-001,468
YF-20121206-001,469
YF-20121206-002,470
YF-20121206-003,471
YF-20121207-001,473
YF-20121207-002,474
YF-20121207-003,475
YF-20121207-004,476
YF-20121207-005,478
YF-20121207-006,479
YF-20121207-007,736
YF-20121211-001,737
YF-20121213-001,489
YF-20121213-002,494
YF-20121213-003,490
YF-20121214-001,491
YF-20121217-001,492
YF-20121218-001,493
YF-20121218-002,495
YF-20121220-001,496
YF-20121221-001,497
YF-20121227-001,498
YF-20130106-001,499
YF-20130110-001,501
YF-20130111-001,502
YF-20130111-002,503
YF-20130114-001,505
YF-20130116-001,506
YF-20130118-001,507
YF-20130118-002,509
YF-20130125-001,511
YF-20130129-001,513
YF-20130130-001,514
YF-20130130-002,515
YF-20130130-003,516
YF-20130131-001,518
YF-20130205-001,519
YF-20130206-001,520
YF-20130227-001,521
YF-20130228-001,522
YF-20130228-002,523
YF-20130304-001,524
YF-20130307-001,525
YF-20130308-001,526
YF-20130308-002,528
YF-20130308-003,529
YF-20130308-004,530
YF-20130313-001,533
YF-20130315-001,534
YF-20130318-001,535
YF-20130319-001,536
YF-20130319-002,537
YF-20130319-003,539
YF-20130320-001,540
YF-20130320-002,543
YF-20130321-001,546
YF-20130326-001,550
YF-20130326-002,551
YF-20130326-003,552
YF-20130327-001,553
YF-20130328-001,554
YF-20130328-002,555
YF-20130402-001,556
YF-20130403-001,557
YF-20130410-001,558
YF-20130411-001,559
YF-20130422-001,560
YF-20130427-001,561
YF-20130503-001,562
YF-20130503-002,563
YF-20130503-003,564
YF-20130503-004,565
YF-20130503-005,569
YF-20130503-006,570
YF-20130503-007,571
YF-20130503-008,572
YF-20130503-009,573
YF-20130503-010,574
YF-20130503-011,575
YF-20130503-012,576
YF-20130503-013,577
YF-20130503-014,578
YF-20130506-001,579
YF-20130508-001,581
YF-20130509-001,582
YF-20130509-002,583
YF-20130509-003,584
YF-20130513-001,585
YF-20130513-002,586
YF-20130513-003,587
YF-20130513-004,590
YF-20130513-005,591
YF-20130517-001,592
YF-20130517-002,593
YF-20130517-003,594
YF-20130517-004,595
YF-20130517-005,597
YF-20130520-001,598
YF-20130524-001,600
YF-20130527-001,602
YF-20130529-001,603
YF-20130530-001,604
YF-20130530-002,605
YF-20130603-001,606
YF-20130606-001,607
YF-20130613-001,608
YF-20130617-001,609
YF-20130617-002,610
YF-20130619-001,611
YF-20130624-001,612
YF-20130624-002,613
YF-20130627-001,614
YF-20130627-002,615
YF-20130628-001,617
YF-20130628-002,618
YF-20130628-003,619
YF-20130628-004,620
YF-20130701-001,621
YF-20130701-002,622
YF-20130703-001,623
YF-20130704-001,624
YF-20130704-002,625
YF-20130709-001,626
YF-20130712-001,627
YF-20130712-002,628
YF-20130717-001,629
YF-20130719-001,632
YF-20130719-002,633
YF-20130719-003,639
YF-20130719-004,640
YF-20130719-005,641
YF-20130722-001,642
YF-20130724-001,643
YF-20130729-001,644
YF-20130729-002,645
YF-20130730-001,646
YF-20130802-001,647
YF-20130802-002,648
YF-20130808-001,659
YF-20130808-002,660
YF-20130812-001,661
YF-20130815-001,662
YF-20130815-002,663
YF-20130815-003,664
YF-20130823-001,666
YF-20130823-002,668
YF-20130823-003,669
YF-20130823-004,671
YF-20130913-001,672
YF-20130918-001,673
YF-20130918-002,674
YF-20130918-003,675
YF-20130927-001,676
YF-20130929-001,677
YF-20130929-002,679
YF-20131009-001,680
YF-20131010-001,682
YF-20131014-001,683
YF-20131014-002,684
YF-20131014-003,686
YF-20131015-001,687
YF-20131015-002,688
YF-20131016-001,689
YF-20131021-001,691
YF-20131023-001,695
YF-20131023-002,692
YF-20131028-001,693
YF-20131028-002,694
YF-20131029-001,696
YF-20131107-001,697
YF-20131107-002,698
YF-20131107-003,699
YF-20131108-001,700
YF-20131118-001,701
YF-20131119-001,702
YF-20131119-002,703
YF-20131120-001,704
YF-20131120-002,705
YF-20131121-001,706
YF-20131121-002,707
YF-20131125-001,708
YF-20131128-001,709
YF-20131128-002,710
YF-20131129-001,711
YF-20131129-002,712
YF-20131129-003,713
YF-20131202-001,714
YF-20131202-002,715
YF-20131202-003,716
YF-20131204-001,717
YF-20131206-001,718
YF-20131206-002,719
YF-20131210-001,720
YF-20131210-002,721
YF-20131210-003,722
YF-20131210-004,723
YF-20131210-005,724
YF-20131212-001,725
YF-20131216-001,727
YF-20131216-002,730
YF-20131216-003,731
YF-20131216-004,732
YF-20131216-005,733
YF-20131216-006,734
YF-20131216-007,742
YF-20131216-008,743
YF-20131216-009,744
YF-20131216-010,745
YF-20131218-001,746
YF-20131219-001,748
YF-20131219-002,750
YF-20131219-003,751
YF-20131230-001,753
YF-20131230-002,754
YF-20140115-001,756
YF-20140115-002,758
YF-20140116-001,760
YF-20140116-002,761
YF-20140116-003,762
YF-20140116-004,763
YF-20140117-001,764
YF-20140120-001,765
YF-20140121-001,766
YF-20140211-001,767
YF-20140212-001,768
YF-20140218-001,769
YF-20140218-002,770
YF-20140219-001,771
YF-20140220-001,772
YF-20140221-001,773
YF-20140221-002,774
YF-20140224-001,775
YF-20140224-002,776
YF-20140224-003,777
YF-20140224-004,778
YF-20140225-001,779
YF-20140226-001,781
YF-20140226-002,782
YF-20140226-003,784
YF-20140228-002,785
YF-20140228-003,786
YF-20140303-001,787
YF-20140303-002,788
YF-20140304-001,789
YF-20140306-001,790
YF-20140306-002,791
YF-20140311-001,792
YF-20140311-002,793
YF-20140311-003,803
YF-20140311-004,794
YF-20140311-005,795
YF-20140311-006,804
YF-20140311-007,805
YF-20140311-008,806
YF-20140311-009,812
YF-20140312-001,813
YF-20140312-002,814
YF-20140314-001,815
YF-20140314-002,817
YF-20140325-001,819
YF-20140403-001,820
YF-20140403-002,821
YF-20140424-001,822
YF-20140424-002,824
YF-20140424-003,825
YF-20140504-001,826
YF-20140512-001,828
YF-20140513-001,829
YF-20140516-001,830
YF-20140516-002,831
YF-20140516-003,832
YF-20140519-001,833
YF-20140520-001,834
YF-20140521-001,835
YF-20140521-003,837
YF-20140523-001,838
YF-20140523-002,839
YF-20140523-003,840
YF-20140527-001,841
YF-20140527-002,842
YF-20140602-001,843
YF-20140603-001,844
YF-20140605-001,845
YF-20140605-002,846
YF-20140606-001,847
YF-20140606-002,848
YF-20140606-003,849
YF-20140607-001,850
YF-20140609-001,851
YF-20140609-002,852
YF-20140610-001,853
YF-20140611-001,854
YF-20140616-001,855
YF-20140619-001,856
YF-20140623-001,857
YF-20140623-002,859
YF-20140623-003,860
YF-20140624-001,861
YF-20140624-002,862
YF-20140624-003,863
YF-20140626-001,864
YF-20140626-002,865
YF-20140627-001,874
YF-20140627-002,875
YF-20140627-003,866
YF-20140630-001,867
YF-20140630-002,868
YF-20140702-001,869
YF-20140704-001,870
YF-20140704-002,871
YF-20140704-003,872
YF-20140704-004,873
YF-20140705-001,876
YF-20140705-002,877
YF-20140705-003,878
YF-20140705-004,879
YF-20140705-005,880
YF-20140705-006,881
YF-20140705-007,882
YF-20140705-008,883
YF-20140707-001,885
YF-20140708-001,886
YF-20140708-002,887
YF-20140709-001,888
YF-20140710-001,889
YF-20140714-001,890
YF-20140714-002,891
YF-20140716-001,892
YF-20140716-002,893
YF-20140716-003,894
YF-20140716-004,895
YF-20140718-001,896
YF-20140718-002,897
YF-20140718-003,898
YF-20140718-004,1551
YF-20140718-005,899
YF-20140731-001,900
YF-20140804-001,901
YF-20140804-002,902
YF-20140804-003,903
YF-20140804-004,904
YF-20140804-006,905
YF-20140804-007,906
YF-20140804-008,907
YF-20140804-009,908
YF-20140804-010,909
YF-20140806-001,910
YF-20140806-002,911
YF-20140809-001,912
YF-20140809-002,913
YF-20140811-001,914
YF-20140811-002,915
YF-20140814-001,916
YF-20140814-002,917
YF-20140814-003,918
YF-20140821-001,919
YF-20140821-002,920
YF-20140821-003,921
YF-20140826-001,928
YF-20140826-002,929
YF-20140827-001,930
YF-20140829-001,931
YF-20140829-002,932
YF-20140901-001,933
YF-20140910-001,934
YF-20140910-002,935
YF-20140910-003,936
YF-20140912-001,937
YF-20140917-001,938
YF-20140919-001,939
YF-20140919-002,940
YF-20140923-001,941
YF-20140923-002,942
YF-20140923-003,943
YF-20140929-001,944
YF-20140929-002,945
YF-20140930-001,946
YF-20140930-002,947
YF-20140930-003,948
YF-20140930-004,949
YF-20141010-001,973
YF-20141020-001,974
YF-20141020-002,976
YF-20141021-001,977
YF-20141024-001,978
YF-20141030-001,979
YF-20141031-001,980
YF-20141102-001,981
YF-20141102-002,982
YF-20141107-001,983
YF-20141107-002,984
YF-20141118-001,985
YF-20141118-002,986
YF-20141118-003,987
YF-20141118-004,988
YF-20141118-005,989
YF-20141118-006,990
YF-20141118-007,991
YF-20141118-008,992
YF-20141118-009,993
YF-20141118-010,994
YF-20141118-011,995
YF-20141118-012,996
YF-20141118-013,997
YF-20141118-014,998
YF-20141118-015,1000
YF-20141118-016,999
YF-20141118-017,1005
YF-20141118-018,1006
YF-20141118-019,1007
YF-20141118-020,1008
YF-20141121-001,1010
YF-20141121-002,1011
YF-20141124-001,1012
YF-20141124-002,1013
YF-20141204-001,1015
YF-20141204-002,1018
YF-20141206-001,1019
YF-20141207-001,1029
YF-20141209-001,1038
YF-20141212-001,1040
YF-20141212-002,1041
YF-20141217-001,1042
YF-20141225-001,1043
YF-20141230-001,1045
YF-20141230-002,1048
YF-20141231-001,1049
YF-20141231-002,1050
YF-20150106-001,1051
YF-20150110-001,1052
YF-20150110-002,1053
YF-20150110-003,1057
YF-20150110-004,1058
YF-20150110-005,1059
YF-20150110-006,1060
YF-20150113-001,1061
YF-20150113-002,1068
YF-20150114-001,1086
YF-20150126-001,1101
YF-20150204-001,1108
YF-20150204-015,1133
YF-20150227-001,1140
YF-20150325-001,1175
YF-20150409-001,1176
YF-20150508-001,1215
YF-20150508-002,1216
YF-20150612-001,1218
YF-20150616-001,1226
YF-20150617-001,1230
YF-20150706-001,1231
YF-20150708-001,1234
YF-20150709-001,1242
YF-20150715-001,1249
YF-20150819-001,1252
YF-20150902-001,1264
YF-20150911-001,1265
YF-20150925-001,1266
YF-20150925-002,1270
YF-20150928-001,1271
YF-20151008-001,1276
YF-20151008-002,1277
YF-20151012-001,1282
YF-20151012-002,1291
YF-20151015-001,1299
YF-20151103-001,1300
YF-20151106-001,1302
YF-20151111-001,1307
YF-20151116-001,1308
YF-20151124-001,1309
YF-20151126-001,1314
YF-20151126-002,1325
YF-20151204-001,1332
YF-20151207-001,1340
YF-20151223-001,1345
YF-20160113-001,1346
YF-20160122-001,1348
YF-20160122-002,1349
YF-20160125-001,1353
YF-20160125-002,1354
YF-20160219-001,1377
YF-20160219-002,1378
YF-20160330-001,1379
YF-20160330-002,1380
YF-20160331-001,1383
YF-20160331-002,1388
YF-20160406-001,1407
YF-20160425-001,1408
YF-20160505-001,1409
YF-20160505-002,1410
YF-20160505-003,1411
YF-20160505-004,1412
YF-20160505-005,1413
YF-20160505-006,1414
YF-20160505-007,1415
YF-20160505-008,1499
YF-20160505-009,1501
YF-20160907-001,1557
YF-20160927-001,1579
YF-20170412-001,1628
YF-20170828-001,1629
YF-20171123-001,1630
YF-20171123-002,1632
YF-20171123-003,1634
YF-20171205-001,1636
YF-20180326-001,1672
ZB-20170731-001,1576
,443
